Symbol,Company,Ratio,Units,Price,Opening Date,Closing Date,Book Closure Date,Listing Date,Issue Manager
UHEWA,Upper Hewakhola Hydropower Company Limited,1:1,5750000.00,100.00,,,,,
DORDI,Dordi Khola Hydropower Company Limited,1:0.56621279,11938714.58,100.00,,,,,NIC Asia Capital Limited
UPCL,Universal Power Company Limited,1:1,24851236.18,100.00,,,,,Mukinath Capital Limited
HPPL,Himalayan Power Partner Limited,1:0.5,5327085.00,100.00,2026-04-30,2026-05-20,2026-03-24,2026-07-10,Global IME Capital Limited
UAIL,United Ajod Insurance Limited,100:10,2310000.00,100.00,2026-04-09,2026-05-14,2026-03-01,2026-08-19,Laxmi Sunrise Capital Limited
BNHC,Buddha Bhumi Nepal Hydropower Company Limited,1:1,4000000.00,100.00,2026-04-05,2026-05-11,2026-02-13,2026-07-10,NIC Asia Capital
RFPL,River Falls Power Limited,1:1,7000000.00,100.00,2025-09-08,2025-10-12,2025-08-11,2025-12-17,Prabhu Capital Limited
CITY,City Hotel Limited,1:0.80,13392000.00,100.00,2025-09-08,2025-10-12,2025-08-12,2025-12-11,Prabhu Capital Limited
NABBC,Narayani Development Bank Limited,1: 1,2624676.00,100.00,2025-09-18,2025-10-26,2025-08-25,2026-06-15,Global IME Capital ltd.
SSHL,Shiva Shree Hydropower Limited,1:1,14764000.00,100.00,2025-09-04,2025-10-09,2025-08-01,2025-12-17,Citizens Capital Limited
JOSHI,Joshi Hydropower Development Company Limited,1:0.65,2414100.00,100.00,2025-07-31,2025-09-04,2025-06-22,2025-11-26,LS Capital Limited
KKHC,Khani Khola Hydropower Company Limited,1:1,4657143.00,100.00,2025-08-19,2025-09-21,2025-07-11,2025-12-12,Citizens Capital Limited
BARUN,Barun Hydropower Company Limited,1:1,5358150.00,100.00,2025-07-15,2025-08-19,2025-06-05,2025-11-13,RBB Merchant Banking Limited
NICL,Nepal Insurance Company Limited,10:3.4783,6576967.76,100.00,2025-07-22,2025-08-18,2025-06-13,2025-11-04,NIMB Ace Capital Limited
PPL,People's Power Limited,1:0.5,3163000.00,100.00,2025-07-06,2025-08-11,2025-06-16,2025-10-31,Prabhu Capital Limited
ALICL,Asian Life Insurance Company Limited,1:0.42,14279312.48,100.00,2025-07-09,2025-08-05,2025-05-30,2025-11-04,Muktinath Capital Limited
TPC,Terhathum Power Company Limited,1:1,4000000.00,100.00,2025-06-30,2025-07-27,2025-05-19,2025-09-25,Nabil Investment Banking Limited
CHL,Chhyangdi Hydropower Company Limited,1:1,3869775.00,100.00,2025-06-06,2025-07-11,2025-05-16,2025-08-25,Global Ime Capital Limited
RHGCL,Rapti Hydro & General Construction Limited,1:1,6127938.00,100.00,2025-06-15,2025-07-08,2025-05-20,2025-09-23,Muktinath Capital Limited
SNLI,Sun Nepal Life Insurance Company Limited,1:0.27,10696320.00,100.00,2025-05-13,2025-06-17,2025-04-18,2025-07-14,Nepal SBI Merchant Banking Limited
DORDI,Dordi Khola Hydropower Company Limited,1:1,10542604.00,100.00,2025-04-01,2025-04-27,2025-02-27,2025-08-31,Sanima Capital Limited
NIL,Neco Insurance Limited,1:0.25,5030901.55,100.00,2025-02-20,2025-03-27,2025-01-31,2025-06-12,Sanima Capital Limited
NGPL,Ngadi Group Power Limited,1:1,18512792.23,100.00,2025-01-07,2025-02-11,2024-12-03,2025-04-01,Siddhartha Capital Limited
BHL,Balephi Hydropower Limited,1:1,18279700.00,100.00,2024-12-12,2025-01-01,2024-11-06,2025-04-01,NIMB Ace Capital Limited
LICN,Life Insurance Corporation Nepal Limited,1:0.8845168,23468000.00,100.00,2024-11-27,2025-01-01,2024-10-25,2025-03-16,Nepal SBI Merchant Banking Limited
NLG,NLG Insurance Company Limited,10:6.256,9631220.22,100.00,2024-11-26,2024-12-31,2024-11-12,2025-03-09,LS Capital Limited
LEC,Liberty Energy Company Limited,1:0.5,7500000.00,100.00,2024-12-01,2024-12-22,2024-11-06,2025-02-14,Prabhu Capital Limited
AKJCL,Ankhukhola Hydropower Company Limited,1:1.5,12000000.00,100.00,2024-08-11,2024-09-01,2024-07-16,2024-11-11,Nabil Investment Banking Limited
HURJA,Himalaya Urja Bikas Company Limited,1:1,9900000.00,100.00,2024-08-08,2024-08-28,2024-07-04,2024-10-29,Nabil Investment Banking Limited
MMHPL,Middle Modi Hydropower Limited,1:0.6024,4879719.00,100.00,2024-07-09,2024-07-28,,,
NLCL,Nepal Life Capital Limited (Former National Merchant Banker Limited),1:0.50,1499518.00,100.00,2024-06-25,2024-07-09,2024-07-09,,
RIDI,Ridi Power Company Limited,1:0.5,7744506.00,100.00,2024-03-01,2024-03-21,2024-02-05,2024-05-13,Muktinath Capital Limited
AHPC,Arun Valley Hydropower Development Company Limited,1:1,18679626.00,100.00,2024-02-29,2024-03-20,2024-01-29,2024-05-20,Muktinath Capital Limited
SHEL,Singati Hydro Energy Limited,1:1,14500000.00,100.00,2024-02-14,2024-03-05,2024-01-07,2024-05-02,Kumari Capital Limited
LSML,Linch Stock Market Limited,1:0.20,245037.00,100.00,2024-01-23,2024-03-19,2024-02-26,,Linch Stock Market Limited
GHL,Ghalemdi Hydro Limited,1:2,11000000.00,100.00,2023-11-26,2024-01-01,2023-10-20,2024-02-22,Muktinath Capital Limited
UPPER,Upper Tamakoshi Hydropower Limited,1: 1,105900000.00,100.00,2023-09-04,2023-10-09,2023-08-11,2024-03-10,Sunrise Capital Limited
AKPL,Arun Kabeli Power Limited,1: 1,18552105.00,100.00,2023-08-28,2023-09-17,2023-07-10,2023-12-11,Nabil Investment Banking Ltd
MPFL,Multipurpose Finance Company Limited,1: 0.35,1582000.00,100.00,2023-08-27,2023-09-17,2023-07-28,2023-11-10,Muktinath Capital Limited
SPDL,Synergy Power Development Limited,2: 1,4032875.00,100.00,2023-08-20,2023-09-17,2023-07-28,2023-12-10,Sanima Capital Limited
API,Api Power Company Limited,1: 0.40,16533137.00,100.00,2023-08-16,2023-09-05,2023-07-07,2023-11-10,Muktinath Capital Limited
HDHPC,Himal Dolakha Hydropower Company Limited,1: 0.75,12000000.00,100.00,2023-06-05,2023-07-10,2023-05-10,2023-09-07,Laxmi Capital Market Limited
NHPC,National Hydro Power Company Limited,10:5,8221459.72,100.00,2023-07-14,2023-08-03,2023-06-16,2023-10-19,Muktinath Capital Limited
BARUN,Barun Hydropower Company Limited,1:1,2679075.00,100.00,2022-08-22,2022-09-16,2022-07-18,2022-12-04,RBB Merchant Banking Limited
RADHI,Radhi Bidyut Company Limited,1:1.4752,9535760.99,100.00,2022-09-21,2022-10-11,2022-08-28,2022-12-14,Muktinath Capital Limited
NGPL,Ngadi Group Power Limited,1:1.5,10603986.00,100.00,2022-08-03,2022-08-23,2022-07-04,2022-11-11,Siddhartha Capital Ltd
NFS,Nepal Finance Limited,1:0.70,3454474.28,100.00,2022-05-20,2022-06-09,2022-05-04,2022-07-31,Prabhu Capital Ltd.
API,Api Power Company Limited,1: 0.3936,10860000.00,100.00,2022-04-08,2022-04-28,2022-03-28,2022-07-13,Muktinath Capital Ltd.
SICL,Shikhar Insurance Company Limited,10:3,5275572.00,100.00,2022-03-15,2022-04-04,2022-02-04,2022-06-10,NIBL Ace Capital Ltd
IGIL,IME General Insurance Limited,10:4,4630344.00,100.00,2022-03-06,2022-03-27,2022-02-13,2022-06-06,Global IME Capital Ltd.
SFCL,Samriddhi Finance Company Limited (former World Merchant Banking),2:1,2729705.00,100.00,2022-02-20,2022-03-13,2021-12-26,2022-05-24,BOK Capital Market Ltd.
CHL,Chhyangdi Hydropower Company Limited,10:3,893025.00,100.00,2022-01-25,2022-02-14,2022-01-05,2022-04-21,Global IME Capital Ltd.
CORBL,Corporate Development Bank Limited,1:1.5,3000000.00,100.00,2022-01-21,2022-02-25,2022-01-10,2022-05-20,Civil Capital Market Ltd.
NABBC,Narayani Development Bank Limited,1:1,1312338.00,100.00,2021-12-23,2022-01-26,2021-12-10,2022-03-23,Global IME Capital Ltd
EDBL,Excel Development Bank Limited,10:3,2433363.67,100.00,2021-10-11,2021-11-15,2021-09-17,2022-01-17,NIBL Ace Capital
API,Api Power Company Limited,1:0.2938,5670000.00,100.00,2021-06-03,2021-06-27,2021-05-12,2021-08-26,Muktinath Capital Ltd.
HIDCL,Hydroelectricity Investment and Development Company Limited,1:1,110000000.00,100.00,2021-07-20,2021-08-24,2021-06-11,2021-11-11,Global IME Capital Limited
AHPC,Arun Valley Hydropower Development Company Limited,1:0.5,5241197.00,100.00,2021-04-19,2021-05-16,2021-03-22,2021-07-16,Muktinath Capital Limited
CIT,Citizen Investment Trust,100:82.84,13592592.00,100.00,2021-01-12,2021-02-01,2020-12-29,2021-04-18,RBB Merchant Banking Limited
NABBC,Narayani Development Bank Limited,1:1,656169.00,100.00,2021-01-26,2021-02-15,2021-01-13,2021-04-21,Global IME Capital Ltd.
NFS,Nepal Finance Limited,1:1.25,1697506.25,100.00,2020-11-19,2020-12-09,2020-10-22,2021-02-03,Prabhu Capital Limited
SFCL,Samriddhi Finance Company Limited (former World Merchant Banking),1:2,3639606.00,100.00,2020-10-02,2020-10-22,2020-08-25,2020-12-15,BOK Capital Limited
SICL,Shikhar Insurance Company Limited,10:3,3171932.00,100.00,2020-06-28,2020-07-19,2020-02-25,2020-08-30,Nibl Ace Capital Limited
API,Api Power Company Limited,1:0.47619047619,5670000.00,100.00,2020-10-30,2020-11-19,2020-03-14,2021-02-21,Siddhartha Capital Limited
HLBSL,Himalayan Laghubitta Bittiya Sanstha Limited (Former Civil Laghubitta),1:1,1141140.00,100.00,2020-08-09,2020-09-14,2020-06-29,2020-11-24,Century Capital Market Limited
PICL,Prudential Insurance Company Limited,10:6,3849120.00,100.00,2020-06-21,2020-07-03,2020-02-10,2020-09-06,NMB Capital Ltd
NLG,NLG Insurance Company Limited,10:6,3842437.50,100.00,2020-03-05,2020-07-09,,2020-09-23,Laxmi Capital Market Limited
GLICL,Gurans Life Insurance Company Limited,1:1,9385200.00,100.00,2020-06-28,2020-07-19,2020-03-05,2020-11-02,NMB Capital Ltd
SMATA,Samata Gharelu Laghubitta Bittiya Sanstha Limited,1:2,1213440.00,100.00,2019-10-14,2019-11-17,2019-09-18,2020-01-31,NIBL ACE Capital Limited
LGIL,Lumbini General Insurance Limited,10:2,1760000.00,100.00,2019-11-10,2019-12-15,2019-10-14,2020-06-11,CBIL Capital Limited
UIC,United Insurance Company (Nepal) Limited,1:2.4,7257600.00,100.00,2019-08-20,2019-10-10,2019-07-30,2020-02-18,NMB Capital Limited
SFFIL,Srijana Finance Limited,10:6,2764692.00,100.00,2019-10-04,2019-11-22,2019-09-23,2020-01-16,Sunrise Capital Limited
MNBBL,Muktinath Bikas Bank Limited,10:2,6129520.25,100.00,2019-08-29,2019-10-02,2019-08-16,2020-01-05,Vibor Capital Limited
SLICL,Surya Life Insurance Company Limited,10:7,8874096.00,100.00,2019-08-25,2019-09-29,2019-08-14,2019-12-19,NIC Asia Capital Ltd.
NMBMF,NMB Laghubitta Bittiya Sanstha Limited,1:1.5,2430093.75,100.00,2019-11-10,2019-12-15,2019-10-27,2020-03-01,Sunrise Capital Limited
GILB,Global IME Laghubitta Bittiya Sanstha Limited,1:1,1104575.00,100.00,2019-08-06,2019-09-09,2019-07-17,2019-11-29,Global IME Capital Limited
WOMI,Womi Laghubitta Bittiya Sanstha Limited,1:1,1010880.00,100.00,2019-07-25,2019-08-28,2019-07-12,2019-12-16,Siddhartha Capital Limited
MPFL,Multipurpose Finance Company Limited,1:8.64469,3585264.00,100.00,2019-07-08,2019-08-26,2019-06-26,2020-02-17,Civil Capital Limited
JSLBB,Janautthan Samudayic Laghubitta Bittiya Sanstha Limited,1:1,288000.00,100.00,2019-06-27,2019-07-31,2019-06-17,2019-11-21,Siddhartha Capital Limited
EIC,Everest Insurance Company Limited,1:3,8219475.00,100.00,2019-05-28,2019-07-01,2019-04-22,2019-09-15,Siddhartha Capital Limited
GBLBS,Grameen Bikas Laghubitta Bittiya Sanstha Limited,1:0.5,3275000.00,100.00,2019-05-10,2019-06-13,2019-04-12,2019-08-29,NIBL Ace Capital Limited
GLICL,Gurans Life Insurance Company Limited,2:1,2970000.00,100.00,2019-04-11,2019-05-15,2019-03-20,2019-08-22,Laxmi Capital Market Ltd.
ALICL,Asian Life Insurance Company Limited,1:0.6,7540352.73,100.00,2019-04-08,2019-05-12,2019-03-06,2019-07-16,NIBL Ace Capital Limited
MLBBL,Mithila Laghubitta Bittiya Sanstha Limited,2:1,329890.00,100.00,2019-01-31,2019-03-13,2019-01-15,2019-06-20,Kathmandu Capital Market Limited
NICL,Nepal Insurance Company Limited,1:0.65,4014651.58,100.00,2019-03-05,2019-04-08,2019-02-10,2019-06-25,Global IME Capital Limited
MERO,Mero Microfinance Laghubitta Bittiya Sanstha Limited,1:1,3289000.00,100.00,2019-03-03,2019-04-07,2019-02-07,2019-06-20,Global IME Capital Ltd
UMB,Unnati Laghubitta Bittiya Sanstha Limited,5:1,110000.00,100.00,2019-02-25,2019-03-31,2019-01-30,2019-06-07,Siddhartha Capital Ltd.
IGIL,IME General Insurance Limited,10:8,4320000.00,100.00,2019-01-01,2019-02-04,2018-11-25,2019-04-02,Global IME Capital Ltd.
NADEP,NADEP Laghubitta Bittiya Sanstha Limited,1:1,1600000.00,100.00,2018-12-09,2019-01-13,2018-11-23,2019-04-09,Nabil Investment Banking Ltd.
EIC,Everest Insurance Company Limited,1: 1.05,1403325.00,100.00,2018-12-02,2019-01-06,2018-11-13,2019-02-26,Siddhartha Capital Ltd.
MSLB,Mahuli Laghubitta Bittiya Sanstha Limited,2:1,300000.00,100.00,2018-11-27,2018-12-31,2018-11-14,2020-07-28,Sunrise Capital Limited
KMFL,Kisan Microfinance Bittiya Sanstha Limited,2:1,240250.00,100.00,2018-11-18,2018-12-23,2018-10-30,2019-02-21,Civil Capital Market Ltd.
SDESI,Swadeshi Laghubitta Bittiya Sanstha Limited,1:1,1150000.00,100.00,2018-10-09,2018-11-12,2018-09-10,2019-01-08,NIC Asia Capital Limited
CEFL,City Express Finance Limited (former Kuber Merchant Finance),1:1.67,2500000.00,100.00,2018-08-16,2018-09-20,2018-08-06,2019-02-06,Kathmandu Capital Market Limited
NCCB,Nepal Credit and Commerce Bank Limited,2:1,23395292.00,100.00,2018-08-19,2018-10-08,2018-07-31,2019-02-10,Sunrise Capital Limited
JEFL,Jebils Finance Limited,10:4,2311650.00,100.00,2018-06-24,2018-08-13,2018-06-06,2019-06-20,Sunrise Capital Limited
NNLB,Naya Nepal Laghubitta Bikas Bank Limited,1:2.5,600000.00,100.00,2018-08-11,2018-09-16,2018-07-23,2019-02-06,NMB Capital Limited
PROFL,Progressive Finance Limited,1:2.81,5901000.00,100.00,2018-08-20,2018-10-09,2018-08-08,2019-05-14,Sunrise Capital Ltd
SLBBL,Swarojgar Laghubitta Bittiya Sanstha Limited,1:1,1224978.00,100.00,2018-07-28,2018-09-02,2018-07-12,2018-12-11,NMB Capital Limited
NBBL,Nagbeli Laghubitta Bikash Bank Limited,1:1,766463.00,100.00,2018-07-20,2018-08-23,2018-07-05,2019-01-09,NMB Capital Limited
SIL,Siddhartha Insurance Limited,10:3.5,2244974.00,100.00,2018-06-30,2018-08-05,2018-05-15,2017-08-25,NMB Capital Limited
RSDC,RSDC Laghubitta Bittiya Sanstha Limited,5:3,2159700.00,100.00,2018-06-30,2018-08-05,2018-06-05,,NIBL ACE Capital Ltd.
NLICL,National Life Insurance Company Limited,10:6,9936477.50,100.00,2018-07-17,2018-09-04,2018-07-06,2018-12-11,NIBL ACE Capital Limited
MMFDB,Mirmire Laghubitta Bittiya Sanstha Limited,1:1,450000.00,99.00,2018-07-10,2018-08-14,2018-06-01,2018-08-22,NIBL ACE Capital Limited
SMATA,Samata Gharelu Laghubitta Bittiya Sanstha Limited,2:1,189600.00,100.00,2018-07-11,2018-08-14,2018-06-26,,NIBL ACE Capital Ltd
SYFL,Synergy Finance Limited,1:0.25,1186022.47,100.00,2018-07-08,2018-08-28,2018-06-13,,Prabhu Capital Limited
PRIN,Prabhu Insurance Company Limited,1:0.46,3166678.00,100.00,2018-06-21,2018-07-26,2018-05-28,,Prabhu Capital Ltd.
WOMI,Womi Laghubitta Bittiya Sanstha Limited,10:3,233280.00,100.00,2018-05-29,2018-07-03,2018-05-18,2018-09-13,Siddhartha Capital Limited
SLICL,Surya Life Insurance Company Limited,10:4,2887500.00,100.00,2018-05-13,2018-06-17,2018-04-18,2018-09-02,NIC Asia Capital Limited
KBL,Kumari Bank Limited,10:2,11938992.00,100.00,2018-05-10,2018-06-14,2018-04-23,,NIBL Capital Market Limited
NICL,Nepal Insurance Company Limited,1:1,3019886.10,100.00,2018-04-17,2018-05-21,2018-04-06,2018-07-17,NIBL Capital Market Ltd.
SHBL,Sahara Bikas Bank Limited,1:2.5,1824870.00,100.00,2018-05-19,2018-07-08,2018-04-23,2021-03-29,NIBL Capital Market Limited
DBBL,Deva Bikas Bank Limited,10:4,6533108.59,100.00,2018-04-08,2018-05-13,2018-03-01,,NIBL Capital Market Ltd.
MFIL,Manjushree Finance Limited,100:5,362190.00,100.00,2018-03-21,2018-04-24,2018-02-21,,Ace Capital Limited
PLIC,Prime Life Insurance Company Limited,1:1.60,9763200.00,100.00,2018-03-10,2018-04-14,2018-03-01,2023-08-03,Siddhartha Capital Limited
SLBS,Suryodaya Laghubitta Bittiya Sanstha Limited,1:0.7,280000.00,100.00,2018-03-08,2018-04-11,2018-02-09,,Global IME Capital Limited
FMDBL,First Microfinance Laghubitta Bittiya Sanstha Limited,2:1,2281313.00,100.00,2018-03-01,2018-04-05,2018-01-23,,Global IME Capital Limited
ALICL,Asian Life Insurance Company Limited,2:1,4027966.00,100.00,2018-02-24,2018-04-14,2018-01-22,2018-06-21,NIBL Ace Capital Limited
SBL,Siddhartha Bank Limited,10:1,6826117.00,100.00,2018-02-13,2018-03-19,2018-02-05,,Laxmi Capital Market Limited
NIL,Neco Insurance Limited,2:1,3920928.00,100.00,2018-02-08,2018-03-14,2018-01-23,2018-06-21,NMB Capital Limited
KSBBL,Kamana Sewa Bikas Bank Limited,10:1.5,3094155.00,100.00,2018-01-28,2018-03-18,2018-01-17,,NMB Capital Limited
SIFC,Shree Investment Finance Company Limited,10:8.3,2867226.00,100.00,2018-01-28,2018-03-03,2018-01-14,,Siddhartha Capital Limited
LBBL,Lumbini Bikas Bank Limited,10:1,2008878.00,100.00,2018-01-24,2018-03-06,2018-01-05,,Prabhu Capital Limited
KRBL,Karnali Development Bank Limited,1:2.25,3397500.00,100.00,2018-01-24,2018-03-14,2018-01-04,,Prabhu Capital Limited
PRVU,Prabhu Bank Limited,10:4,23525608.00,100.00,2018-01-20,2018-03-06,2018-01-05,,Sunrise Capital Limited
GRDBL,Green Development Bank Limited,1:4,4000000.00,100.00,2018-01-15,2018-03-06,2018-01-01,,Laxmi Capital Market Limited
PFL,Pokhara Finance Limited,1:0.15,983683.00,100.00,2018-01-13,2018-02-17,2017-12-29,2018-05-18,NIBL Capital Market Limited
CFCL,Central Finance Limited,2:1,2603314.00,100.00,2018-01-06,2018-02-24,2017-12-19,2018-06-21,NIBL Capital Market Limited
PICL,Prudential Insurance Company Limited,10:3,1283040.00,100.00,2017-12-30,2018-02-03,2017-12-01,2018-04-12,NIC Asia Capital Limited
SADBL,Shangrila Development Bank Limited,10:8,10867799.00,100.00,2017-12-31,2018-02-11,2017-12-13,,Prabhu Capital Limited
GDBL,Gandaki Bikas Bank Limited,4:1,4609816.00,100.00,2017-12-21,2018-01-24,2017-12-01,2018-04-19,Prabhu Capital Limited
CBL,Civil Bank Limited,10:4,20740888.00,100.00,2017-12-07,2018-01-25,2017-11-21,,Laxmi Capital Market Ltd
RLFL,Reliance Finance Limited,10:4.5,2306572.00,100.00,2017-12-07,2018-01-25,2017-11-24,2019-05-28,Sunrise Capital Limited
MMDBL,Mount Makalu Development Bank Limited,2:1,345800.00,100.00,2017-11-22,2017-12-26,2017-11-03,,NIBL Capital Market Limited
BHBL,Bhargav Bikash Bank Limited,10:8,2112000.00,100.00,2017-11-09,2017-12-28,2017-11-01,,NMB Capital Ltd
GMFIL,Guheswori Merchant Banking & Finance Limited,10:4,1973929.00,100.00,2017-10-28,2017-12-03,2017-10-13,2018-03-15,NIBL Capital Market Limited
NCDB,Nepal Community Development Bank Limited,1:1.2,2643539.00,100.00,2017-10-11,2017-11-14,2017-10-04,,NIBL Capital Market Ltd.
ODBL,Om Development Bank Limited,10:3,4931835.00,100.00,2017-10-08,2017-11-11,2017-09-15,,NIBL Capital Market Ltd.
EDBL,Excel Development Bank Limited,2:1,1922813.00,100.00,2017-10-03,2017-11-06,2017-09-06,,Ace Capital Ltd.
KMFL,Kisan Microfinance Bittiya Sanstha Limited,100:24.2,78000.00,100.00,2017-09-19,2017-10-23,2017-08-27,2017-12-28,Civil Capital Market Ltd
RSDC,RSDC Laghubitta Bittiya Sanstha Limited,1:2,2300000.00,100.00,2017-09-17,2017-11-05,2017-09-01,,NIBL Capital Market Ltd
SMFDB,Summit Laghubitta Bittiya Sanstha Limited,1:1,725000.00,100.00,2017-09-13,2017-10-17,2017-08-25,,Sanima Capital Limited
JEFL,Jebils Finance Limited,1:1,2889563.00,100.00,2017-09-16,2017-11-05,2017-08-30,2018-02-15,Sunrise Capital Limited
BFC,Best Finance Company Limited,1:1.3,1652850.00,100.00,2017-09-11,2017-10-30,2017-08-10,,Global IME Capital Ltd.
MEGA,Mega Bank Nepal Limited,10:6.5,29785036.00,100.00,2017-09-11,2017-10-30,2017-01-19,2018-01-03,Nabil Investment Banking Ltd.
SINDU,Sindhu Bikas Bank Limited,10:8,2097540.00,100.00,2017-09-02,2017-10-21,2017-08-25,,NIBL Capital Market Ltd
KEBL,Kabeli Bikas Bank Limited,2:1,350880.00,100.00,2017-09-02,2017-10-31,2017-08-03,,Global IME Capital Ltd
LGIL,Lumbini General Insurance Limited,1:1,3900000.00,100.00,2017-07-13,2017-08-16,2017-06-27,,CBIL Capital Ltd.
KADBL,Kanchan Development Bank Limited,10:3,1039500.00,100.00,2017-07-13,2017-08-16,2017-06-15,,Global IME Capital Ltd
HATH,Hathway Finance Company Limited,1:1,1500000.00,100.00,2017-08-21,2017-09-24,2017-07-24,,Global IME Capital Limited
MNBBL,Muktinath Bikas Bank Limited,10:4,6170865.00,100.00,2017-08-19,2017-09-23,2017-08-04,,NIBL Capital Market Ltd.
SHPC,Sanima Mai Hydropower Limited,1:1,10550000.00,100.00,2017-08-10,2017-09-13,2017-07-25,,Sunrise Capital Ltd
KNBL,Kankai Bikas Bank Limited,1:2.1,3210000.00,100.00,2017-07-23,2017-08-26,2017-07-03,2017-11-16,Siddhartha Capital Ltd.
CCBL,Century Commercial Bank Limited,10:4,18854256.00,100.00,2017-07-30,2017-09-17,2017-07-11,,Civil Capital Market Limited
GFCL,Goodwill Finance Company Limited,10:6,2722500.00,100.00,2017-07-01,2017-08-05,2017-06-16,,NIBL Capital Markets Ltd.
EBL,Everest Bank Limited,3:1,15088087.00,100.00,2017-07-01,2017-08-05,2017-06-21,,NIBL Capital Markets Limited
PURBL,Purnima Bikas Bank Limited,4:1,880963.00,100.00,2017-07-02,2017-08-05,2017-05-30,,Siddhartha Capital Limited
MBL,Machhapuchchhre Bank Limited,10:1.2,7918440.00,100.00,2017-07-19,2017-08-22,2017-05-30,,NMB Capital Ltd.
SKDBL,Saptakoshi Development Bank Limited,1:1.3,2743000.00,100.00,2017-07-13,2017-08-24,2017-06-28,,NMB Capital Ltd.
HGI,Himalayan General Insurance Company Limited,1:1.7,6420000.00,100.00,2017-07-11,2017-08-24,2017-06-30,2017-12-12,NMB Capital Ltd.
GILB,Global IME Laghubitta Bittiya Sanstha Limited,2:1,282500.00,100.00,2017-07-08,2017-08-12,2017-06-30,,Civil Capital Market Ltd.
ALDBL,Alpine Development Bank Limited,3:2.1,2600754.00,100.00,2017-07-08,2017-08-12,2017-06-04,,NMB Capital Ltd.
MMFDB,Mirmire Laghubitta Bittiya Sanstha Limited,2:1,150000.00,100.00,2017-06-18,2017-07-22,2017-05-31,2017-09-14,Prabhu Capital Ltd.
IGIL,IME General Insurance Limited,1:1,2700000.00,100.00,2017-06-18,2017-07-23,2017-05-18,2017-10-09,Global IME Capital Ltd.
SRBL,Sunrise Bank Limited,10:3,16359636.00,100.00,2017-05-29,2017-07-02,2017-05-13,,Prabhu Capital Ltd.
SBL,Siddhartha Bank Limited,10:3,15752578.00,100.00,2017-06-07,2017-07-11,2017-05-30,,Laxmi Capital Market Ltd
HAMRO,Hamro Bikas Bank Limited,1:2,3058339.00,100.00,2017-05-20,2017-06-24,2017-04-24,,NIBL Capital Markets Ltd.
GUFL,Gurkhas Finance Limited,2:1,2893313.00,100.00,2017-05-14,2017-06-24,2017-05-03,,NIBL Capital Markets Ltd.
SBI,Nepal SBI Bank Limited,10:4,19919424.00,100.00,2017-05-20,2017-06-24,2017-05-09,2017-08-20,NMB Capital Ltd.
SLBBL,Swarojgar Laghubitta Bittiya Sanstha Limited,100:50,349994.00,100.00,2017-06-14,2017-07-18,2017-05-31,2017-09-14,NMB Capital Limited
KMBL,Kamana Bikas Bank Limited,10:3,2413137.00,100.00,2017-06-24,2017-07-29,2017-06-13,,NIBL Capital Market Ltd.
SBBLJ,Sahayogi Vikas Bank Limited,10:3.5,1101135.00,100.00,2017-05-14,2017-06-17,2017-04-28,,NCM Merchant Banking Ltd.
SIL,Siddhartha Insurance Limited,5.2:1,862125.00,100.00,2017-05-10,2017-06-13,2017-04-28,,Laxmi Capital Market Ltd.
FMDBL,First Microfinance Laghubitta Bittiya Sanstha Limited,2:1,1322500.00,100.00,2017-05-10,2017-06-13,2017-04-12,,Global IME Capital Limited
JBBL,Jyoti Bikash Bank Limited,1:1,11043171.00,100.00,2017-05-10,2017-06-13,2017-04-27,,Siddhartha Capital Limited
TNBL,Tinau Development Bank Limited,10:3.5,1194796.00,100.00,2017-05-01,2017-06-04,2017-04-19,,Siddhartha Capital Limited
NBB,Nepal Bangladesh Bank Limited,10:8,32094068.00,100.00,2017-04-19,2017-05-23,2017-03-30,2021-03-18,Global IME Capital Limited
SANIMA,Sanima Bank Limited,10:3,15917617.00,100.00,2017-04-29,2017-06-03,2017-03-31,,CBIL Capital Ltd.
GBBL,Garima Bikas Bank Limited,10:7,9076297.00,100.00,2017-04-26,2017-05-30,2017-04-12,2017-07-17,Ace Capital Limited
NBL,Nepal Bank Limited,100:23.74,15431840.00,100.00,2017-04-19,2017-05-23,2017-04-11,2017-07-24,Civil Capital Market lImited
SDBL,Siddhartha Development Bank Limited,10:6,8515006.00,100.00,2017-04-19,2017-05-23,2017-04-09,,Nabil Investment Banking Limited
LBL,Laxmi Bank Limited,1:1,31590304.00,100.00,2017-04-15,2017-05-20,2017-03-31,,Siddhartha Capital Limited
CZBIL,Citizens Bank International Limited,10:2.5,13843379.00,100.00,2017-04-05,2017-05-10,2017-03-09,,Sanima Capital Ltd.
PRIN,Prabhu Insurance Company Limited,2:1,1925079.00,100.00,2017-04-11,2017-05-15,2017-03-19,,Prabhu Capital Limited
NICA,NIC Asia Bank Limited,100:15,8729475.00,100.00,2017-03-28,2017-05-01,2017-03-20,,Civil Capital Markets Ltd.
TDBL,Tourism Development Bank Limited,1:1,9197712.00,100.00,2017-03-25,2017-05-08,2017-03-10,,NIBL Capital Market Limited
NLBBL,Nerude Laghubitta Bittiya Sanstha Limited,2:1,900000.00,100.00,2017-03-26,2017-04-29,2017-03-13,,NCM Merchant Banking Ltd.
MIDBL,Mission Development Bank Limited,1:1,1949250.00,100.00,2017-03-15,2017-04-18,2017-03-06,,Vibor Capital Limited
KBL,Kumari Bank Limited,2:1,13495833.00,100.00,2017-03-18,2017-04-22,2017-03-03,,Siddhartha Capital Limited
DDBL,Deprosc Laghubitta Bittiya Sanstha Limited,1:1,2579238.00,100.00,2017-03-19,2017-05-07,2017-02-13,,Nabil Investment Banking Ltd.
BHBL,Bhargav Bikash Bank Limited,1:1,1200000.00,100.00,2017-03-06,2017-04-09,2017-03-23,,NMB Capital Limited
KBBL,Kailash Bikas Bank Limited,5:1,3160672.00,100.00,2017-02-16,2017-03-22,2016-12-29,,Global IME Capital Ltd.
NIL,Neco Insurance Limited,1:1,3240436.00,100.00,2017-02-13,2017-03-19,2016-12-29,,NMB Capital Ltd.
DBBL,Deva Bikas Bank Limited,2:1,4405440.00,100.00,2017-01-21,2017-03-09,2017-01-02,,NIBL Capital Markets Ltd.
MFIL,Manjushree Finance Limited,1:1.8,4386375.00,100.00,2017-01-18,2017-02-21,2016-12-24,,Ace Capital Ltd.
SKDBL,Saptakoshi Development Bank Limited,1:1,1000000.00,100.00,2017-01-07,2017-02-11,2016-12-23,,NMB Capital Limited
KADBL,Kanchan Development Bank Limited,2:1,990000.00,100.00,2017-01-01,2017-02-04,2016-12-15,,Global IME Capital Limited
SAFL,Sagarmatha Finance Limited,10:8,2954389.00,100.00,2016-12-25,2017-01-29,2016-12-09,,NIBL Capital Market Limited
NBSL,Namaste Bittiya Sanstha Limited,1:1,375000.00,100.00,2016-12-22,2017-01-25,2016-12-09,,NMB Capital Limited
WDBL,Western Development Bank Limited,1:1,1569600.00,100.00,2016-12-06,2017-01-24,2017-01-25,,Prabhu Capital Limited
SEWA,Sewa Bikas Bank Limited,1:1.20,5106662.00,100.00,2016-12-07,2017-01-10,2016-10-05,2017-05-08,NMB Capital Limited
MBL,Machhapuchchhre Bank Limited,2:1,19322700.00,100.00,2016-12-03,2017-01-14,2016-10-28,2017-04-03,Civil Capital Market Limited
NBBL,Nagbeli Laghubitta Bikash Bank Limited,2:1,125000.00,100.00,2016-12-04,2017-01-22,2017-01-23,2017-07-04,NMB Capital Limited
NMBMF,NMB Laghubitta Bittiya Sanstha Limited,1:1.20,552000.00,100.00,2016-11-20,2016-12-25,2016-11-03,,Laxmi Capital Market Limited
SETI,Seti Finance Limited,1:1.50,951786.00,100.00,2016-11-15,2016-12-19,2016-10-26,,NIBL Capital Markets Limited
JBNL,Janata Bank Nepal Limited,2:1,10300000.00,100.00,2016-11-15,2016-12-25,2016-12-26,,NCM Merchant Banking Limited
KDBL,Kasthamandap Development Bank Limited,4:1,1699742.00,100.00,2016-11-10,2016-12-14,2016-10-25,,NCM Merchant Banking Limited
HBL,Himalayan Bank Limited,7:1,6427350.00,100.00,2016-11-10,2016-12-14,2016-10-26,,Laxmi Capital Market Limited
TBBL,Triveni Bikas Bank Limited,2:1,4100076.00,100.00,2016-11-07,2016-12-11,2016-10-17,2017-03-06,Ace Capital Limited
SBL,Siddhartha Bank Limited,4:1,7555193.00,100.00,2016-10-26,2016-11-29,2016-10-03,,Laxmi Capital Market Ltd.
ADBL,Agricultural Development Bank Limited,2:1,19688000.00,100.00,2016-10-18,2016-11-21,2016-09-26,,Ace Capital Limited.
ARDBL,Araniko Development Bank Limited,10:3.6,928190.00,100.00,2016-10-23,2016-11-26,2016-10-14,,Siddhartha Capital Limited
SHBL,Sahara Bikas Bank Limited,1:1.50,354000.00,100.00,2016-09-29,2016-11-02,2016-09-07,,Global IME Capital Limited
MNBBL,Muktinath Bikas Bank Limited,2:1,4192164.00,100.00,2016-10-06,2016-11-09,2016-09-15,,NIBL Capital Market Limited
MDB,Miteri Development Bank Limited,2:1,1056370.00,100.00,2016-10-16,2016-11-19,2016-09-22,,Prabhu Capital Limited
GMFIL,Guheswori Merchant Banking & Finance Limited,2:1,1468697.00,100.00,2016-10-06,2016-11-09,2016-09-04,2017-01-23,NIBL Capital Market Limited
LLBS,Laxmi Laghubitta Bittiya Sanstha Limited,1:1,1100000.00,100.00,2016-09-29,2016-11-07,2016-09-11,,NMB Capital Limited
UFL,United Finance Limited,4:1,1159836.00,100.00,2016-07-13,2016-09-10,2016-07-04,,Nabil Investment Banking Limited
MMDBL,Mount Makalu Development Bank Limited,1:1.50,390000.00,100.00,2016-08-31,2016-10-04,2016-08-05,,NIBL Capital Markets Ltd.
PCBL,Prime Commercial Bank Limited,3:1,12350874.00,100.00,2016-08-27,2016-10-01,2016-08-04,,Civil Capital Market Limited
WOMI,Womi Laghubitta Bittiya Sanstha Limited,2:1,180000.00,100.00,2016-08-28,2016-10-01,2016-08-05,2016-12-28,Siddhartha Capital Limited
CCBL,Century Commercial Bank Limited,10:3,8522400.00,100.00,2016-08-20,2016-09-24,2016-08-02,,Civil Capital Market Limited
PURBL,Purnima Bikas Bank Limited,2:1,1008544.00,100.00,2016-08-16,2016-09-19,2016-08-04,,Siddhartha Capital Limited
MEGA,Mega Bank Nepal Limited,4:1,8101438.00,100.00,2016-08-10,2016-09-13,2016-07-25,2016-12-15,Global IME Capital limited
IGIL,IME General Insurance Limited,10:8,1200000.00,100.00,2016-08-06,2016-09-10,2016-07-21,,Global IME Capital limited
MSBBL,Manaslu Bikas Bank Limited,2:1,917648.00,100.00,2016-08-06,2016-09-10,2016-07-21,,Prabhu Capital Ltd.
SINDU,Sindhu Bikas Bank Limited,1:1,1209375.00,100.00,2016-08-06,2016-09-10,2016-07-22,,NIBL Capital Markets Ltd.
SLICL,Surya Life Insurance Company Limited,4:1,125000.00,100.00,2016-08-03,2016-09-06,2016-07-12,2017-01-31,Laxmi Capital market Limited
MLBBL,Mithila Laghubitta Bittiya Sanstha Limited,2:1,169740.00,16974000.00,2016-08-02,2016-09-05,2016-07-22,2017-01-02,Civil Capital Markets Ltd.
ALDBL,Alpine Development Bank Limited,3:2.10,820000.00,100.00,2016-08-02,2016-09-05,2016-07-05,,Nmb Capital Limited
CSDBL,Cosmos Development Bank Limited,1:1,503125.00,100.00,2016-07-25,2016-08-28,2016-07-18,,Civil Capital Markets Ltd.
CZBIL,Citizens Bank International Limited,10:5.50,16858786.00,100.00,2016-06-18,2016-07-23,2016-06-06,,Global IME Capital Ltd.
SANIMA,Sanima Bank Limited,2:1,15301440.00,100.00,2016-06-25,2016-07-30,2016-06-07,,Nabil Investment Banking Ltd
RHPC,Ridi Hydropower Development Company Limited,10:3.50,1155000.00,100.00,2016-06-14,2016-07-18,2016-05-27,,Global IME Capital Ltd.
KRBL,Karnali Development Bank Limited,2:1,400000.00,100.00,2016-05-14,2016-07-13,2016-04-25,,Growmore Merchant Banker Ltd
NICA,NIC Asia Bank Limited,4:1,9237540.00,100.00,2016-05-25,2016-06-28,2016-05-13,,Civil Capital Market Ltd.
NCDB,Nepal Community Development Bank Limited,1:1,1000000.00,100.00,2016-05-11,2016-06-14,2016-04-29,,NIBL Capital Markets Ltd.
JHBL,Jhimruk Bikas Bank Limited,10:1,48500.00,100.00,2016-03-29,2016-05-02,2016-03-10,,Growmore Merchant Banker Ltd.
TNBL,Tinau Development Bank Limited,4:1,546193.00,100.00,2016-03-10,2016-04-13,2016-02-28,,Siddhartha Capital Ltd.
SADBL,Shangrila Development Bank Limited,4:1,1840000.00,100.00,2016-02-20,2016-03-26,2016-02-04,,NMB Capital Ltd.
SFFIL,Srijana Finance Limited,2:1,672000.00,100.00,2016-02-07,2016-03-12,2016-01-19,2016-11-11,NCM Merchant Banking Ltd.
PRVU,Prabhu Bank Limited,10:2,6417770.00,100.00,2016-02-27,2016-04-02,2015-10-01,,Nabil Investment Banking Ltd.
SUBBL,Subhechha Bikas Bank Limited,3:1,500852.00,100.00,2016-01-31,2016-03-05,2016-01-13,,Ace Capital Ltd.
GDBL,Gandaki Bikas Bank Limited,10:3,1056000.00,100.00,2016-01-30,2016-03-05,2016-01-14,,Global IME Capital Ltd.
EDBL,Excel Development Bank Limited,4:1.037,525000.00,100.00,2016-01-20,2016-02-23,2016-01-11,,Ace Capital Ltd.
SRBL,Sunrise Bank Limited,100:15,3690473.00,100.00,2016-01-24,2016-01-29,2016-01-10,,Civil Capital Market Ltd.
INDB,Innovative Development Bank Limited,3:2,1000000.00,100.00,2016-01-21,2016-02-24,2016-01-10,,NMB Capital Ltd.
KADBL,Kanchan Development Bank Limited,4:1,330000.00,100.00,2015-12-23,2016-01-26,2015-12-11,,Global IME Capital Ltd.
SKBBL,Sana Kisan Bikas Laghubitta Bittiya Sanstha Limited,2:1,1153412.00,100.00,2015-12-10,2016-01-13,2015-11-24,2016-06-22,Nabil  investment Banking Ltd.
ICFC,ICFC Finance Limited,2:1,2134845.00,100.00,2015-11-23,2015-12-27,2015-10-29,,Global IME Capital Ltd.
KKBL,Kankrebihar Bikas Bank Limited,1:0.5,172500.00,100.00,2015-11-01,2015-12-05,2015-10-14,,Growmore Merchant Banker Ltd.
KFL,Kathmandu Finance Limited.,1:1,1837763.00,100.00,2015-10-31,2015-12-05,2015-05-30,,NIBL Capital Markets Ltd.
CCBL,Century Commercial Bank Limited,4:1,5300000.00,100.00,2015-10-26,2015-11-29,2015-10-07,,Civil Capital Market Ltd.
GABL,Gaumukhee Bikas Bank Limited,2:0.75,168480.00,100.00,2015-10-10,2015-11-14,2015-09-29,,NMB Capital Ltd.
MIDBL,Mission Development Bank Limited,2:1,575000.00,100.00,2015-10-06,2015-11-09,2015-09-29,,Vibor capital Ltd.
MBL,Machhapuchchhre Bank Limited,5:1,5552501.00,100.00,2015-10-03,2015-11-07,2015-08-17,,Nabil Investment Banking Ltd.
NBBL,Nagbeli Laghubitta Bikash Bank Limited,4:1,50000.00,100.00,2015-09-30,2015-10-31,2015-09-15,,NMB Capital Ltd.
LBL,Laxmi Bank Limited,10:3,7013606.00,100.00,2015-06-20,2015-07-25,2015-06-03,,NMB Capital Ltd.
PROFL,Progressive Finance Limited,4:3,900000.00,100.00,2015-08-01,2015-09-05,2015-07-08,2016-01-22,Growmore Merchant Banker Ltd.
METRO,Metro Development Bank Limited,20:3,278504.00,100.00,2015-07-29,2015-08-22,2015-07-07,2016-07-06,NCM Merchant Banking Ltd.
CBBL,Chhimek Laghubitta Bittiya Sanstha Limited,2:1,1418447.00,100.00,2015-07-27,2015-08-30,2015-07-15,,NMB Capital Ltd.
PICL,Prudential Insurance Company Limited,5:1,540000.00,100.00,2015-07-20,2015-08-23,2015-07-03,,Global IME Capital Ltd.
SLBBL,Swarojgar Laghubitta Bittiya Sanstha Limited,1:1,200000.00,100.00,2015-06-25,2015-07-29,2015-06-14,2015-10-15,NMB Capital Ltd.
KEBL,Kabeli Bikas Bank Limited,2:1,172000.00,100.00,2015-04-22,2015-05-26,2015-04-08,2016-04-26,Global IME Capital Ltd.
UIC,United Insurance Company (Nepal) Limited,1:1.50,1512000.00,100.00,2015-04-25,2015-05-30,2015-03-29,,Global IME Capital Ltd.
PURBL,Purnima Bikas Bank Limited,4:1,275000.00,100.00,2015-04-18,2015-05-23,2015-04-01,,Ace Capital Ltd.
PIC,Premier Insurance Company (Nepal) Limited,1:1.15,1346951.00,100.00,2015-03-29,2015-05-02,2015-03-10,2015-10-01,Laxmi Capital Market Ltd.
NGBL,Nilgiri Bikas Bank Limited,4:1,300000.00,100.00,2015-03-22,2015-04-25,2015-03-09,2015-06-09,Global IME Capital Ltd.
SRBL,Sunrise Bank Limited,10:1,2236650.00,100.00,2015-03-05,2015-04-08,2015-02-18,,Civil Capital Market Ltd.
NIL,Neco Insurance Limited,10:8.488,1147784.00,100.00,2015-02-25,2015-03-31,2015-02-15,2015-07-12,Civil Capital Market Ltd.
GBBL,Garima Bikas Bank Limited,4:1,1122000.00,100.00,2015-02-26,2015-04-01,2015-02-12,2015-06-21,Ace Capital Ltd.
FMDBL,First Microfinance Laghubitta Bittiya Sanstha Limited,1:1,1000000.00,100.00,2015-02-26,2015-04-01,2015-02-12,,Nabil Investment Banking Ltd.
MSBBL,Manaslu Bikas Bank Limited,4:1,300000.00,100.00,2015-01-17,2015-02-21,2015-01-02,,Growmore Merchant Banking Ltd.
SBBLJ,Sahayogi Vikas Bank Limited,10:1.5,214326.00,100.00,2014-01-18,2015-02-21,2014-12-24,,NCM Merchant Banking Ltd.
HAMRO,Hamro Bikas Bank Limited,10:7,420700.00,100.00,2014-12-16,2015-01-19,2014-11-28,,Growmore Merchant Banking Ltd.
MNBBL,Muktinath Bikas Bank Limited,4:1,918750.00,100.00,2014-11-30,2015-01-03,2014-11-14,,Growmore Merchant Banking Ltd.
SEWA,Sewa Bikas Bank Limited,5:1,515200.00,100.00,2014-11-29,2015-01-03,2014-11-13,2015-05-28,NMB Capital Ltd.
CDBL,City Development Bank Limited,10:3,924000.00,100.00,2014-10-21,2014-11-24,2014-10-09,,Nabil Investment Banking Ltd.
TNBL,Tinau Development Bank Limited,4:1,322000.00,100.00,2014-08-14,2014-09-17,2014-07-30,,Citizen Investment Trust
CIVIC,Civic Development Bank Limited,4:1,100000.00,100.00,2014-08-11,2014-09-14,2014-07-21,,Growmore Merchant Banking Ltd.
INDB,Innovative Development Bank Limited,4:1,262500.00,100.00,2014-08-12,2014-09-15,2014-07-30,,NMB Capital Ltd.
AIC,Alliance Insurance Company Limited,10:55,892692.00,100.00,2014-07-02,2014-08-05,2014-06-22,,NMB Capital Ltd.
SHINE,Shine Resunga Development Bank Limited,2:1,1919182.00,100.00,2014-05-22,2014-06-25,2014-05-11,,Growmore Merchant Banking Ltd.
NICL,Nepal Insurance Company Limited,1:1,1319016.00,100.00,2014-04-14,2014-06-17,2014-04-30,2014-10-21,Growmore Merchant Banking Ltd.
MBBL,Mahakali Bikas Bank Limited,1:2,800000.00,100.00,2014-05-04,2013-06-07,2014-04-04,,Ace Capital Ltd.
SMBF,Sagarmatha Merchant Banking & Finance Limited,4:1,412500.00,100.00,2014-04-28,2014-06-01,2014-04-10,2015-01-04,Citizen Investment Trust
METRO,Metro Development Bank Limited,20:7,371000.00,100.00,2014-04-16,2014-05-20,2014-04-01,2014-09-16,NCM Merchant Banking Ltd.
SICL,Shikhar Insurance Company Limited,2:1,875000.00,100.00,2014-04-12,2014-05-17,2014-04-02,2014-08-27,NIBL Capital Mrkets Ltd.
ALICL,Asian Life Insurance Company Limited,20:1,256297.00,100.00,2014-04-01,2014-05-05,2014-03-11,2014-07-18,Civil Capital Market Ltd.
AHPC,Arun Valley Hydropower Development Company Limited,1:1,3504930.00,100.00,2014-03-24,2014-04-27,2014-02-13,2014-06-30,Elite Capital Ltd.
BPCL,Butwal Power Company Limited,3:2,6768463.00,100.00,2014-03-02,2014-04-05,2014-02-05,2014-06-30,NMB Capital Ltd.
LGIL,Lumbini General Insurance Limited,10:6.296,965910.00,100.00,2014-02-02,2014-03-08,2014-01-16,2014-09-26,Ace Capital Ltd.
KEBL,Kabeli Bikas Bank Limited,11:4,80000.00,100.00,2014-01-18,2014-02-22,2013-12-20,2014-08-27,Elite Capital Ltd.
BSBL,Bishwa Bikas Bank Limited,4:1,630000.00,100.00,2014-01-08,2014-02-11,2013-12-24,2014-08-12,Growmore Merchant Banker Ltd.
HGI,Himalayan General Insurance Company Limited,1:1.4801,1492000.00,100.00,2014-01-12,2014-02-15,2014-01-01,2014-04-27,NMB Capital Ltd.
PICL,Prudential Insurance Company Limited,1:1,1250000.00,100.00,2014-01-05,2014-02-08,2013-12-23,,NMB Capital Ltd.
KFL,Kathmandu Finance Limited.,1:0.15,231994.00,100.00,2013-12-22,2014-01-25,2013-12-11,2014-11-06,Growmore Merchant Banker Ltd.
NGBL,Nilgiri Bikas Bank Limited,1:0.7391,425000.00,100.00,2013-12-02,2014-01-05,2013-11-08,2014-03-21,Elite Capital Ltd.
SIL,Siddhartha Insurance Limited,10:9,1188000.00,100.00,2013-11-30,2014-01-04,2013-11-14,2014-04-04,NMB Capital Ltd.
WDBL,Western Development Bank Limited,3:2,400000.00,100.00,2013-11-09,2013-12-14,2013-10-07,2014-05-02,Growmore Merchant Banker Ltd.
GLICL,Gurans Life Insurance Company Limited,10:3.04121,1166000.00,100.00,2013-10-31,2013-12-04,2013-10-20,2014-03-07,NMB Capital Ltd.
GBBL,Garima Bikas Bank Limited,2:1,1100000.00,100.00,2013-10-03,2013-11-06,2013-10-06,2014-03-21,Elite Capital Ltd.
TBBL,Triveni Bikas Bank Limited,10:3,745181.00,100.00,2013-10-01,2013-11-05,2013-09-20,2014-01-19,Ace Capital Ltd.
SLICL,Surya Life Insurance Company Limited,10:2.1565,887000.00,100.00,2013-09-02,2013-10-06,2013-08-20,2013-12-29,Elite Capital Ltd.
GDBL,Gandaki Bikas Bank Limited,1:0.28,700000.00,100.00,2013-08-10,2013-09-14,2013-07-15,,Elite Capital Ltd.
NBL,Nepal Bank Limited,1:9.5157,36196176.00,100.00,2013-05-22,2013-06-25,2013-05-09,2013-10-06,Civil Capital Market Ltd. and Citizens Investment Trust
SFFIL,Srijana Finance Limited,1:2,560000.00,100.00,2013-04-28,2013-06-01,2014-01-19,2014-07-18,NCM Merchant Banking Ltd.
SEWA,Sewa Bikas Bank Limited,1:0.66,920000.00,100.00,2013-03-06,2013-04-09,2013-02-24,2013-07-14,NMB Capital Ltd.
NEFL,Nepal Express Finance Limited,100:11.8881,170000.00,100.00,2012-07-31,2012-09-03,2012-06-04,2013-02-12,NCM Merchant Banking Ltd.
KNBL,Kankai Bikas Bank Limited,1:1.50,600000.00,100.00,2012-06-21,2012-07-25,2012-06-11,2013-01-29,Growmore Merchant Banker Ltd.
BBBLN,Bageshowori Dev.elopment  Bank Limited,1:2.5,1485000.00,100.00,2012-06-21,2012-07-25,2012-06-07,,NMB Capital Ltd.
NDFL,Nava Durga Finance Company Limited,5:1,253264.00,100.00,2012-06-12,2012-07-16,2012-07-24,2013-02-24,Growmore Merchant Banker Ltd.
NLG,NLG Insurance Company Limited,2:1,150000.00,100.00,2012-05-01,2012-06-05,2012-06-21,,Civil Capital Market Ltd.
TBBL,Triveni Bikas Bank Limited,2:1,678500.00,100.00,2012-02-23,2012-03-28,2011-12-12,2012-09-09,Ace Capital Ltd.
UFIL,Unique Finance Limited,1:1,1000000.00,100.00,2011-09-25,2011-11-19,2011-09-15,,Nabil Investment Banking Ltd.
UFIL,Unique Finance Limited,1:1,1000000.00,100.00,2011-09-25,2011-10-29,2011-09-15,2012-02-16,Nabil Investment Banking Ltd.
IGIL,IME General Insurance Limited,2:1,500000.00,100.00,2011-06-26,2011-07-30,2011-06-16,2011-09-23,Civil Capital Market Ltd
RBSL,Resunga Bikas Bank Limited,1:1,306000.00,100.00,2011-06-26,2011-07-30,2011-06-03,2011-09-23,Civil Capital Market Ltd
BFIL,Bhajuratna Finance & Saving Company Limited,5:8,616000.00,100.00,2011-06-16,2011-07-20,2011-08-15,2011-12-19,NCM Merchant Banking Ltd.
PCCTL,Prabhu Cable Car & Tourism Limited,1:1,7000000.00,100.00,2024-12-14,2025-01-17,,,
MKJC,Mailung Khola Jal Vidhyut Company Limited,1:0.70,,,,,,,
EHPL,Eastern Hydropower Limited,1:0.871,5400092.74,100.00,,,,,
